config,change,region,n,dice_mean,dice_median,hd95_mean,hd95_median,train_hours,dice_mean_delta,dice_mean_low,dice_mean_high,dice_mean_delta_reseeded,dice_mean_low_reseeded,dice_mean_high_reseeded,dice_mean_verdict,hd95_median_delta,hd95_median_low,hd95_median_high,hd95_median_delta_reseeded,hd95_median_low_reseeded,hd95_median_high_reseeded,hd95_median_verdict
unet3d_baseline,baseline,WT,56,0.889293,0.916622,9.8066,4.6311,1.08707,0,0,0,,,,baseline,0,0,0,,,,baseline
unet3d_baseline,baseline,TC,56,0.805887,0.865598,10.1191,5.28812,1.08707,0,0,0,,,,baseline,0,0,0,,,,baseline
unet3d_baseline,baseline,ET,55,0.745377,0.799948,13.0492,3,1.08707,0,0,0,,,,baseline,0,0,0,,,,baseline
ablation_overlap_000,inference.overlap=0.0,WT,56,0.889293,0.916622,9.8066,4.6311,,0,0,0,,,,no detectable difference,0,0,0,,,,no detectable difference
ablation_overlap_000,inference.overlap=0.0,TC,56,0.805887,0.865598,10.1191,5.28812,,0,0,0,,,,no detectable difference,0,0,0,,,,no detectable difference
ablation_overlap_000,inference.overlap=0.0,ET,55,0.745377,0.799948,13.0492,3,,0,0,0,,,,no detectable difference,0,0,0,,,,no detectable difference
ablation_overlap_025,inference.overlap=0.25,WT,56,0.889293,0.916622,9.8066,4.6311,,0,0,0,,,,no detectable difference,0,0,0,,,,no detectable difference
ablation_overlap_025,inference.overlap=0.25,TC,56,0.805887,0.865598,10.1191,5.28812,,0,0,0,,,,no detectable difference,0,0,0,,,,no detectable difference
ablation_overlap_025,inference.overlap=0.25,ET,55,0.745377,0.799948,13.0492,3,,0,0,0,,,,no detectable difference,0,0,0,,,,no detectable difference
ablation_overlap_075,inference.overlap=0.75,WT,56,0.889566,0.916899,9.761,4.6365,,0.000273214,-0.000112179,0.000689265,,,,no detectable difference,0.005395,-0.068055,0.12961,,,,no detectable difference
ablation_overlap_075,inference.overlap=0.75,TC,56,0.806381,0.864381,10.1752,5.39812,,0.000493732,-1.78549e-05,0.00107052,,,,no detectable difference,0.109995,-0.171445,0.411655,,,,no detectable difference
ablation_overlap_075,inference.overlap=0.75,ET,55,0.745605,0.798452,13.3622,3,,0.000227745,-0.00040339,0.00092506,,,,no detectable difference,0,0,0.22427,,,,no detectable difference
ablation_patch_96,"train.patch_size=(96, 96, 96)",WT,56,0.886883,0.912195,9.46914,4.47074,0.695809,-0.00241007,-0.0100091,0.00546211,-0.00892661,-0.0165812,-0.00192615,not robust to the baseline seed,-0.160365,-1.33311,0.77587,0,-0.9797,0.93781,no detectable difference
ablation_patch_96,"train.patch_size=(96, 96, 96)",TC,56,0.808295,0.867724,11.9692,5.09902,0.695809,0.00240725,-0.016653,0.0189425,-0.0123347,-0.0272359,0.00211287,no detectable difference,-0.189105,-2.29444,0.97591,0.04951,-1.3335,0.88705,no detectable difference
ablation_patch_96,"train.patch_size=(96, 96, 96)",ET,55,0.742569,0.806917,21.3727,2.82843,0.695809,-0.00280829,-0.0155328,0.00920666,-0.00835612,-0.0209932,0.00328779,no detectable difference,-0.17157,-0.77712,0.59236,0.37894,-0.55051,0.71279,no detectable difference
ablation_augment_off,augment.enabled=False,WT,56,0.884897,0.912064,9.77989,4.24264,1.01111,-0.0043955,-0.0115562,0.00273672,-0.010912,-0.0178984,-0.0044041,not robust to the baseline seed,-0.388465,-1.07381,0.97255,-0.2281,-0.8847,1.26205,no detectable difference
ablation_augment_off,augment.enabled=False,TC,56,0.801545,0.854333,9.49938,5.52101,1.01111,-0.00434189,-0.0158266,0.00763698,-0.0190838,-0.0379347,-0.00433495,not robust to the baseline seed,0.23288,-1.82646,1.58862,0.471495,-1.03759,1.97993,no detectable difference
ablation_augment_off,augment.enabled=False,ET,55,0.744475,0.80707,8.00456,2.52528,1.01111,-0.000901778,-0.0170825,0.0132058,-0.00644961,-0.0221855,0.00686222,no detectable difference,-0.47472,-0.91323,0.59236,0.07579,-0.55051,0.80066,no detectable difference
ablation_loss_dice,train.loss=dice,WT,56,0.888903,0.916974,8.96743,4.6365,1.03613,-0.000389393,-0.00737077,0.00684283,-0.00690593,-0.0129076,-0.00181932,not robust to the baseline seed,0.005395,-0.92602,1.14255,0.16576,-0.442267,1.3041,no detectable difference
ablation_loss_dice,train.loss=dice,TC,56,0.823696,0.868458,9.28991,4.78558,1.03613,0.0178091,0.00510809,0.0318075,0.00306712,-0.00682206,0.0127058,not robust to the baseline seed,-0.502545,-1.89413,0.46884,-0.26393,-1.31083,0.947208,no detectable difference
ablation_loss_dice,train.loss=dice,ET,55,0.745663,0.820959,14.4885,2.44949,1.03613,0.0002861,-0.0128068,0.0111334,-0.00526173,-0.0165886,0.00446217,no detectable difference,-0.55051,-1.15606,0.43769,0,-0.77712,0.44949,no detectable difference
ablation_loss_dice_focal,train.loss=dice_focal,WT,56,0.88953,0.911125,9.25403,4.24264,1.11123,0.000236768,-0.00819674,0.011143,-0.00627977,-0.0136588,0.00154749,no detectable difference,-0.388465,-1.4023,0.449505,-0.2281,-0.77845,0.718605,no detectable difference
ablation_loss_dice_focal,train.loss=dice_focal,TC,56,0.815909,0.870625,9.53149,4.30077,1.11123,0.0100214,-0.00256717,0.0250548,-0.00472054,-0.018827,0.00871093,no detectable difference,-0.987355,-2.60034,0.70156,-0.74874,-1.81217,1.24197,no detectable difference
ablation_loss_dice_focal,train.loss=dice_focal,ET,55,0.748421,0.812385,19.3091,2.44949,1.11123,0.00304424,-0.0115999,0.016954,-0.00250359,-0.0147223,0.00999766,no detectable difference,-0.55051,-1.02691,0.22427,0,-0.8908,0.44949,no detectable difference
ablation_seed_43,seed=43,WT,56,0.895809,0.915789,10.2458,4.47074,1.0365,0.00651654,0.00106176,0.0131031,,,,baseline with another seed,-0.160365,-1.26711,0.496664,,,,baseline with another seed
ablation_seed_43,seed=43,TC,56,0.820629,0.867758,10.2956,5.04951,1.0365,0.0147419,0.00120149,0.030664,,,,baseline with another seed,-0.238615,-1.95964,1.11746,,,,baseline with another seed
ablation_seed_43,seed=43,ET,55,0.750925,0.80988,7.34895,2.44949,1.0365,0.00554783,-0.00815857,0.0176037,,,,baseline with another seed,-0.55051,-1.15606,0.43769,,,,baseline with another seed
ablation_attention_unet,model.architecture=attention_unet,WT,56,0.899207,0.92203,10.5266,4.52736,4.81746,0.00991396,0.000796227,0.0203423,0.00339743,-0.00589948,0.0132605,not robust to the baseline seed,-0.103745,-1.20793,0.705545,0.05662,-0.908975,0.992592,no detectable difference
ablation_attention_unet,model.architecture=attention_unet,TC,56,0.824081,0.874619,8.5183,5.19258,4.81746,0.0181936,0.00756976,0.0297824,0.0034517,-0.0123831,0.0168633,not robust to the baseline seed,-0.095545,-2.28452,1.07227,0.14307,-1.41771,1.24221,no detectable difference
ablation_attention_unet,model.architecture=attention_unet,ET,55,0.75514,0.822386,13.1127,2.23607,4.81746,0.00976306,-0.00599612,0.025127,0.00421523,-0.0123446,0.0205924,no detectable difference,-0.76393,-1.22803,0.21342,-0.21342,-0.99249,0.55051,no detectable difference
