kept,superseded,split,WT_dice,WT_hd95,WT_truth_ml,WT_pred_ml,TC_dice,TC_hd95,TC_truth_ml,TC_pred_ml,ET_dice,ET_hd95,ET_truth_ml,ET_pred_ml
BRATS_275,BRATS_001,train,1,0,111.724,111.724,1,0,58.674,58.674,1,0,31.485,31.485
BRATS_293,BRATS_002,test,1,0,63.061,63.061,1,0,9.325,9.325,1,0,8.219,8.219
BRATS_281,BRATS_003,train,0.999997,0,173.928,173.927,1,0,25.664,25.664,1,0,21.25,21.25
BRATS_284,BRATS_004,train,0.999942,0,120.674,120.66,1,0,75.471,75.471,1,0,17.816,17.816
BRATS_282,BRATS_005,val,0.999988,0,80.682,80.68,0.999989,0,45.266,45.265,0.999973,0,18.354,18.353
BRATS_283,BRATS_006,test,0.999952,0,217.38,217.359,0.999991,0,107.445,107.443,0.999988,0,43.379,43.378
BRATS_290,BRATS_007,test,1,0,61.085,61.085,1,0,26.191,26.191,1,0,21.677,21.677
BRATS_279,BRATS_008,train,0.999997,0,187.57,187.569,1,0,57.699,57.699,1,0,36.577,36.577
BRATS_277,BRATS_009,train,0.999917,0,210.327,210.292,0.999772,0,76.709,76.674,1,0,42.366,42.366
BRATS_278,BRATS_010,test,1,0,20.487,20.487,1,0,4.88,4.88,1,0,4.467,4.467
BRATS_294,BRATS_011,val,0.999985,0,137.301,137.297,1,0,46.495,46.495,1,0,26.264,26.264
BRATS_287,BRATS_012,train,0.999907,0,21.615,21.611,1,0,9.121,9.121,1,0,0.708,0.708
BRATS_288,BRATS_013,train,1,0,12.969,12.969,1,0,4.988,4.988,1,0,4.678,4.678
BRATS_286,BRATS_014,train,0.999993,0,147.786,147.784,0.999996,0,124.097,124.096,1,0,72.36,72.36
BRATS_280,BRATS_015,train,1,0,198.692,198.692,1,0,72.689,72.689,1,0,60.991,60.991
BRATS_289,BRATS_016,train,0.999958,0,82.735,82.728,0.999891,0,32.164,32.157,0.999853,0,20.437,20.431
BRATS_291,BRATS_017,train,0.999995,0,100.886,100.885,1,0,33.617,33.617,1,0,23.187,23.187
BRATS_276,BRATS_018,train,0.999989,0,139.257,139.254,1,0,65.516,65.516,1,0,19.677,19.677
BRATS_292,BRATS_019,train,0.99999,0,149.347,149.344,0.999986,0,36.252,36.251,1,0,19.84,19.84
BRATS_285,BRATS_020,train,0.999988,0,256.875,256.869,0.999983,0,115.94,115.936,1,0,67.135,67.135
BRATS_383,BRATS_033,train,0.892877,9.89949,138.051,114.015,0.940727,2.23607,84.354,78.299,0.875494,1.73205,52.126,50.134
BRATS_384,BRATS_035,train,0.882797,15.6876,73.827,83.797,0.852579,12.3693,14.252,17.928,0.884453,6.75639,10.91,10.83
BRATS_385,BRATS_036,val,0.951476,3.16228,119.314,122.956,0.360552,22.9347,13.55,56.709,0.825328,3.74166,10.957,12.716
BRATS_386,BRATS_037,train,0.906171,3.74166,80.218,85.658,0.906194,10,30.663,32.915,0.875118,1.41421,18.881,18.33
BRATS_387,BRATS_038,train,0.936286,6.32456,150.805,150.934,0.925072,2.44949,103.704,103.216,0.901434,3,87.753,81.453
BRATS_388,BRATS_040,train,0.933237,3,110.21,123.154,0.855578,18.6762,33.808,44.144,0.908124,10.2956,29.059,30.195
BRATS_389,BRATS_043,test,0.918195,2.44949,37.828,40.761,0.927339,2,12.163,13.683,0.908688,1.41421,8.994,10.412
BRATS_390,BRATS_044,train,0.85594,27.0278,30.49,40.286,0.899709,2.23607,10.896,10.731,0.923512,1.41421,8.609,8.021
BRATS_391,BRATS_045,train,0.940201,2.23607,81.847,91.735,0.860247,8.56733,37.146,45.786,0.881846,2.82843,33.532,26.737
BRATS_392,BRATS_046,test,0.94493,4.47214,111.312,116.161,0.917066,4.12311,82.517,96.011,0.850867,3.16228,61.113,78.688
BRATS_393,BRATS_048,train,0.92488,4.3589,143.759,162.83,0.953001,1.41421,39.933,38.132,0.915297,1.41421,35.721,32.104
BRATS_394,BRATS_049,train,0.908257,4.12311,69.628,80.312,0.943778,1.73205,48.39,50.682,0.905079,3,40.616,43.633
BRATS_395,BRATS_050,train,0.908921,4.12311,66.802,76.238,0.87504,6.32456,36.684,45.374,0.901984,3.4641,35.019,38.275
BRATS_396,BRATS_051,val,0.961863,1.41421,110.151,111.078,0.950127,13.8924,37.263,38.51,0.883558,1.41421,19.875,19.02
BRATS_397,BRATS_061,train,0.939078,2.23607,87.193,83.747,0.941608,2.44949,65.926,61.728,0.848585,2.23607,36.345,32.631
BRATS_398,BRATS_063,train,0.911404,3.60555,168.746,143.785,0.758558,15.1658,37.504,35.88,0.636922,9.49997,5.899,8.266
BRATS_399,BRATS_064,test,0.946718,3,163.612,179.28,0.935695,2.44949,106.214,119.413,0.913954,2,79.56,84.818
BRATS_400,BRATS_065,val,0.865547,55.0145,130.288,166.091,0.822833,62.3779,53.79,68.259,0.778364,63.9089,29.915,28.821
BRATS_401,BRATS_067,train,0.891531,3.74166,44.798,55.277,0.643902,9.89949,4.664,9.686,0.860565,2.23607,4.539,4.813
BRATS_402,BRATS_079,train,0.898488,42.2493,89.516,89.113,0.785247,11.8172,13.311,19.685,0.908128,2,9.371,9.884
BRATS_403,BRATS_080,train,0.885294,8.12404,146.494,124.006,0.81806,7.14143,70.168,55.989,0.740969,2.44949,16.944,20.704
BRATS_404,BRATS_082,test,0.87957,15.5563,176.056,140.901,0.95703,2.23607,115.839,119.723,0.481587,11.5326,39.005,116.726
BRATS_405,BRATS_083,train,0.906489,7.34847,53.787,63.344,0.914786,3.74166,19.701,21.196,0.867516,1.41421,12.114,13.089
BRATS_406,BRATS_084,train,0.824888,60.3689,24.434,28.395,0.855089,3.74166,8.711,10.625,0.692122,3,4.362,6.402
BRATS_407,BRATS_085,train,0.926108,5.65685,90.74,104.315,0.94885,1.41421,15.664,16.379,0.971394,1,15.09,14.904
BRATS_408,BRATS_087,val,0.745694,52.3163,42.233,64.878,0.681831,29.4737,11.281,19.492,0.874853,5.80072,9.134,7.838
BRATS_409,BRATS_089,train,0.932233,3.4641,159.632,182.336,0.864048,8.24621,32.983,43.191,0.943258,1.41421,30.477,30.043
BRATS_410,BRATS_091,train,0.959945,3,154.508,157.285,0.859421,9.27362,70.505,83.522,0.850138,3.16228,45.111,39.527
BRATS_411,BRATS_093,train,0.930882,3.74166,186.689,175.707,0.914495,5.19615,95.022,98.44,0.882551,3.74166,79.009,74.564
BRATS_412,BRATS_094,val,0.931075,4.24264,172.673,164.982,0.829907,13.5647,126.716,97.256,0.760072,5,77.776,53.772
BRATS_413,BRATS_095,val,0.894863,2.23607,31.109,36.298,0.794294,10.7703,4.782,5.242,0.860863,1.41421,4.439,3.395
BRATS_415,BRATS_098,train,0.948322,2.82843,82.921,89.512,0.690371,9.11043,20.9,37.993,0.925732,1.41421,17.626,15.807
BRATS_416,BRATS_099,train,0.945041,4.87812,105.852,105.451,0.626177,10.6771,46.728,21.652,0.716216,3.16228,3.852,6.064
BRATS_418,BRATS_102,train,0.881541,20.3224,45.281,53.85,0.740875,30.1314,10.095,16.973,0.885755,2.44949,9.769,9.873
BRATS_419,BRATS_109,train,0.943201,2.23607,95.391,105.315,0.842489,14,28.513,37.914,0.912839,2.23607,25.236,23.754
BRATS_420,BRATS_110,test,0.946706,4.47214,82.023,87.753,0.821249,21.9568,12.453,17.779,0.90241,22.8254,10.93,12.802
BRATS_421,BRATS_111,train,0.955265,1.73205,99.859,96.474,0.932442,2,25.202,24.444,0.85965,1.41421,13.224,16.288
BRATS_422,BRATS_113,val,0.964082,2.23607,156.606,159.809,0.952934,2,67.643,65.934,0.925314,2,58.556,54.37
BRATS_424,BRATS_118,train,0.896449,7.87401,117.937,123.993,0.866145,7.07107,27.55,29.96,0.805082,6,18.666,20.53
BRATS_425,BRATS_127,train,0.945706,10.4666,60.356,57.503,0.851797,5,39.093,34.664,0.807232,1.73205,17.097,15.813
BRATS_426,BRATS_129,train,0.901765,5,175.646,211.466,0.924835,7,63.343,71.972,0.90388,4.12311,47.361,54.949
BRATS_427,BRATS_131,train,0.906695,7.34847,169.918,173.331,0.780396,6.78233,57.508,44.963,0.504597,9.43398,47.182,16.984
BRATS_428,BRATS_132,train,0.925792,3.16228,70.781,65.31,0.722943,11.0454,49.349,28.469,0.866079,3,26.417,22.5
BRATS_429,BRATS_133,train,0.878758,10.2956,58.817,59.912,0.624273,7,21.75,13.853,0.425514,8.77496,20.16,5.818
BRATS_430,BRATS_136,train,0.76374,12.5698,67.704,67.74,0.882972,4.47214,8.648,9.493,0.827458,3,6.929,7.056
BRATS_431,BRATS_137,val,0.895762,4.47214,122.929,147.02,0.780916,14.1421,42.503,62.822,0.898987,1.41421,26.938,23.877
BRATS_432,BRATS_142,val,0.954206,2.44949,161.557,166.175,0.90825,7,86.271,75.964,0.863656,2.44949,68.592,53.584
BRATS_433,BRATS_145,train,0.954289,2.23607,99.624,102.055,0.960291,2.44949,77.99,75.478,0.883129,1.41421,38.724,33.15
BRATS_434,BRATS_147,train,0.899392,12.773,59.206,64.502,0.827645,4.47214,27.493,32.105,0.815035,3.74166,25.463,20.67
BRATS_435,BRATS_154,train,0.926616,3.16228,88.649,94.266,0.902105,4.69042,50.042,57.349,0.86063,1.73205,31.255,36.593
BRATS_436,BRATS_158,train,0.927703,2.44949,43.881,49.235,0.940152,2,26.393,27.443,0.778383,2.82843,14.699,22.401
BRATS_437,BRATS_159,val,0.92104,3.4641,129.841,147.172,0.958699,8.544,58.843,58.491,0.937634,1.41421,50.084,46.747
BRATS_438,BRATS_160,train,0.799418,37.5899,19.075,20.131,0.849149,7.07107,9.318,11.948,0.881873,4.12311,8.858,8.564
BRATS_439,BRATS_162,train,0.899567,5.83095,91.751,79.767,0.710996,12,16.834,13.394,0.753252,25.3594,9.523,10.08
BRATS_440,BRATS_164,train,0.910118,2.23607,66.816,73.59,0.94912,1.41421,18.677,20.022,0.948911,1.41421,17.941,18.368
BRATS_441,BRATS_165,train,0.927877,3.4641,154.118,164.461,0.819216,44.5533,20.508,17.565,0.77181,50.5411,14.523,10.89
BRATS_442,BRATS_166,test,0.959313,2,92.661,96.933,0.945336,13.1909,59.531,55.389,0.886417,2.82843,46.904,39.042
BRATS_443,BRATS_167,test,0.916867,3.16228,21.984,22.583,0.935426,1.41421,11.879,11.381,0.922711,1,8.813,8.835
BRATS_444,BRATS_168,test,0.787385,14.4568,52.898,40.454,0.775022,8.87301,6.118,4.163,0.772846,3.31662,4.951,3.475
BRATS_445,BRATS_172,train,0.953244,3.60555,132.171,143.966,0.941111,9.16515,45.006,44.841,0.906017,6.40312,40.45,35.681
BRATS_446,BRATS_173,train,0.961501,2.23607,175.302,179.308,0.938397,5.09902,42.239,44.315,0.89395,3,36.248,30.673
BRATS_447,BRATS_174,train,0.948976,2.44949,107.194,105.686,0.880449,7.07107,55.342,57.798,0.840312,2.44949,30.381,31.07
BRATS_448,BRATS_181,train,0.944468,3,227.126,225.258,0.868534,10.457,71.071,56.977,0.758539,4.12311,48.062,34.734
BRATS_449,BRATS_182,train,0.939924,3.74166,131.589,144.678,0.927612,3,72.106,74.341,0.840383,3.4641,54.064,40.193
BRATS_450,BRATS_190,train,0.868856,4.47214,66.672,84.826,0.912166,4,36.002,31.865,0.831652,2,25.944,19.955
BRATS_451,BRATS_191,val,0.960352,1.41421,186.261,183.47,0.928029,26.4452,56.943,61.355,0.890008,2.23607,49.748,41.422
BRATS_452,BRATS_193,test,0.711947,16.7631,125.37,71.299,0.945083,2,56.563,56.809,0.909628,2.23607,43.375,41.53
BRATS_453,BRATS_195,train,0.87591,5.38516,134.271,110.238,0.553208,10.6301,39.718,15.227,0.802768,9.81068,13.892,11.104
BRATS_454,BRATS_199,train,0.893885,3.74166,50.735,56.158,0.842622,7.07107,32.325,26.705,0.784265,3.60555,21.184,14.939
BRATS_455,BRATS_200,train,0.939101,4.47214,162.397,159.249,0.754008,12.3693,26.485,38.265,0.850735,2.23607,16.998,20.097
BRATS_456,BRATS_217,train,0.949113,2.23607,222.999,218.845,0.953596,1.41421,62.318,58.383,0.892419,2,50.41,41.13
BRATS_457,BRATS_220,train,0.834962,23.7823,73.791,96.667,0.616982,24.4949,3.265,4.92,0.76445,20.3838,3.218,2.768
BRATS_458,BRATS_222,train,0.921837,11.0454,75.085,78.274,0.677052,5.41739,17.927,10.576,0.659304,6.7082,7.337,5.158
BRATS_459,BRATS_224,test,0.725996,45.9804,12.952,21.365,0.487624,10.2689,1.241,3.082,0.44825,9.69536,1.037,1.591
BRATS_460,BRATS_225,test,0.910106,4.58258,163.378,148.935,0.934891,4.12311,101.553,94.348,0.86138,2.23607,74.539,64.294
BRATS_461,BRATS_229,train,0.922622,4.12311,148.03,166.825,0.942441,3.74166,93.742,89.654,0.86846,2,58.416,48.023
BRATS_462,BRATS_232,val,0.812375,6.32456,38.314,29.209,0.72365,4.12311,2.046,1.417,0.657965,2.23607,1.662,0.943
BRATS_463,BRATS_234,train,0.956247,1.73205,107.328,103.193,0.941931,9.17059,41.675,38.832,0.901251,1.73205,34.538,28.936
BRATS_464,BRATS_235,train,0.94661,2.82843,91.56,97.314,0.848,9.69536,56.625,45.151,0.852566,3.60555,39.514,33.78
BRATS_465,BRATS_237,train,0.940553,2.23607,122.734,122.592,0.921638,5,63.849,56.643,0.840558,1.73205,26.259,31.16
BRATS_466,BRATS_238,train,0.920514,2,16.748,16.327,0.617127,16.4012,2.702,5.951,0.860855,2,2.642,2.899
BRATS_467,BRATS_244,train,0.940902,2.23607,157.749,147.471,0.865423,11,109.824,88.784,0.689513,9.94987,11.994,7.878
BRATS_468,BRATS_252,test,0.918926,2.44949,80.769,79.862,0.885413,4.24264,26.245,25.541,0.866917,2.82843,17.276,20.054
BRATS_469,BRATS_255,train,0.955868,2.23607,97.135,100.702,0.715881,18.0278,28.526,47.752,0.950071,1,22.125,20.796
BRATS_470,BRATS_256,train,0.911015,16.2972,127.812,109.756,0.898081,5.19615,82.014,77.092,0.81136,3.16228,33.404,30.4
BRATS_471,BRATS_261,train,0.958332,2.23607,204.242,210.9,0.911208,3.4641,73.458,76.545,0.8566,2.82843,44.531,36.578
BRATS_472,BRATS_263,train,0.946296,3.60555,168.187,165.326,0.924329,6.16441,45.124,48.135,0.926828,1.73205,38.84,36.544
BRATS_473,BRATS_264,val,0.877607,5.19615,23.456,25.06,0.89596,14.627,5.415,5.898,0.902836,2.82843,5.096,5.165
BRATS_474,BRATS_265,test,0.947319,3.60555,206.134,215.255,0.925858,13.9463,120.221,111.104,0.821572,4.3589,111.25,79.903
BRATS_475,BRATS_266,train,0.95102,4.12311,200.621,202.929,0.94181,7,117.104,119.653,0.82976,2.44949,65.092,49.869
BRATS_476,BRATS_267,test,0.951692,2.23607,74.986,80.434,0.935208,3.16228,35.839,37.858,0.936125,1.41421,29.516,29.412
BRATS_477,BRATS_271,test,0.861762,44.0908,162.623,195,0.948585,2,79.535,86.7,0.944387,1.41421,63.709,66.602
BRATS_478,BRATS_273,train,0.862495,13.1909,77.278,75.567,0.872422,6.40312,21.485,27.058,0.91338,1,14.157,14.289
BRATS_479,BRATS_274,train,0.924979,3,55.781,63.186,0.953561,1.41421,36.146,37.779,0.928578,1,26.241,27.342
