epoch,steps,lr,train_loss,epoch_seconds,val_dice_WT,val_dice_TC,val_dice_ET,val_dice_mean
1,171,0.0001,2.09465,14.9136,,,,
2,171,9.99973e-05,1.46286,11.9832,,,,
3,171,9.9989e-05,1.05236,11.882,,,,
4,171,9.99753e-05,0.858153,11.9719,,,,
5,171,9.99561e-05,0.72467,17.5018,0.835856,0.700997,0.604221,0.713691
6,171,9.99315e-05,0.621749,15.298,,,,
7,171,9.99013e-05,0.547228,12.429,,,,
8,171,9.98657e-05,0.506516,12.6789,,,,
9,171,9.98246e-05,0.467994,12.529,,,,
10,171,9.97781e-05,0.444978,17.389,0.85682,0.738117,0.664146,0.753028
11,171,9.97261e-05,0.420438,12.3836,,,,
12,171,9.96686e-05,0.406023,12.3196,,,,
13,171,9.96057e-05,0.393678,12.217,,,,
14,171,9.95374e-05,0.37881,12.1522,,,,
15,171,9.94636e-05,0.375405,15.9744,0.855166,0.754284,0.695671,0.768374
16,171,9.93844e-05,0.359594,12.5389,,,,
17,171,9.92998e-05,0.350973,12.166,,,,
18,171,9.92098e-05,0.351839,12.1685,,,,
19,171,9.91144e-05,0.350509,12.2238,,,,
20,171,9.90136e-05,0.342406,16.1537,0.862601,0.779805,0.691887,0.778098
21,171,9.89074e-05,0.341446,12.2665,,,,
22,171,9.87958e-05,0.327903,12.2215,,,,
23,171,9.86789e-05,0.331995,12.2361,,,,
24,171,9.85567e-05,0.327502,12.3212,,,,
25,171,9.84292e-05,0.324365,16.0881,0.880007,0.769636,0.717812,0.789152
26,171,9.82963e-05,0.322777,12.2453,,,,
27,171,9.81581e-05,0.32042,12.2839,,,,
28,171,9.80147e-05,0.331255,12.2482,,,,
29,171,9.7866e-05,0.314886,12.2633,,,,
30,171,9.7712e-05,0.315655,16.1226,0.875083,0.789114,0.719606,0.794601
31,171,9.75528e-05,0.320325,12.2593,,,,
32,171,9.73884e-05,0.3012,12.2577,,,,
33,171,9.72188e-05,0.315489,12.3758,,,,
34,171,9.7044e-05,0.309556,12.2618,,,,
35,171,9.68641e-05,0.308451,16.0812,0.878061,0.774142,0.728856,0.793686
36,171,9.6679e-05,0.307075,12.3001,,,,
37,171,9.64888e-05,0.303688,12.2574,,,,
38,171,9.62935e-05,0.298819,12.3314,,,,
39,171,9.60932e-05,0.305295,12.2582,,,,
40,171,9.58877e-05,0.302777,16.0855,0.883156,0.801146,0.722607,0.802303
41,171,9.56773e-05,0.300527,12.3693,,,,
42,171,9.54618e-05,0.294059,12.3871,,,,
43,171,9.52414e-05,0.291956,12.3246,,,,
44,171,9.50159e-05,0.293135,12.2622,,,,
45,171,9.47856e-05,0.291637,16.283,0.889303,0.793032,0.722156,0.801497
46,171,9.45503e-05,0.29247,12.3015,,,,
47,171,9.43102e-05,0.293277,12.2393,,,,
48,171,9.40652e-05,0.286271,12.2484,,,,
49,171,9.38153e-05,0.289942,12.2522,,,,
50,171,9.35607e-05,0.293498,15.9811,0.871799,0.787967,0.709078,0.789615
51,171,9.33013e-05,0.290533,12.3598,,,,
52,171,9.30371e-05,0.295445,12.1439,,,,
53,171,9.27682e-05,0.28488,12.0955,,,,
54,171,9.24946e-05,0.282316,12.0196,,,,
55,171,9.22164e-05,0.278669,16.122,0.884764,0.804968,0.732104,0.807279
56,171,9.19335e-05,0.279044,12.2943,,,,
57,171,9.16461e-05,0.275937,12.189,,,,
58,171,9.1354e-05,0.274663,12.2423,,,,
59,171,9.10575e-05,0.279993,12.3127,,,,
60,171,9.07564e-05,0.274273,16.0268,0.886512,0.80443,0.731271,0.807404
61,171,9.04508e-05,0.273155,12.1811,,,,
62,171,9.01409e-05,0.278409,12.2188,,,,
63,171,8.98265e-05,0.280044,12.1778,,,,
64,171,8.95078e-05,0.272941,12.15,,,,
65,171,8.91847e-05,0.270637,15.9799,0.884983,0.788797,0.72224,0.798673
66,171,8.88573e-05,0.277139,12.2451,,,,
67,171,8.85257e-05,0.267957,12.1779,,,,
68,171,8.81898e-05,0.274646,12.3013,,,,
69,171,8.78498e-05,0.273383,12.3719,,,,
70,171,8.75056e-05,0.26942,15.9881,0.874937,0.796281,0.707043,0.792753
71,171,8.71572e-05,0.263881,12.3164,,,,
72,171,8.68049e-05,0.270467,12.2229,,,,
73,171,8.64484e-05,0.262111,12.2959,,,,
74,171,8.6088e-05,0.264125,12.3321,,,,
75,171,8.57236e-05,0.268505,16.0435,0.876146,0.808952,0.735627,0.806908
76,171,8.53553e-05,0.265033,12.3784,,,,
77,171,8.49832e-05,0.263789,12.3352,,,,
78,171,8.46072e-05,0.267709,12.2961,,,,
79,171,8.42274e-05,0.255758,12.2493,,,,
80,171,8.38438e-05,0.259804,16.003,0.886662,0.808634,0.723302,0.806199
81,171,8.34565e-05,0.262807,12.3319,,,,
82,171,8.30656e-05,0.260439,12.3314,,,,
83,171,8.2671e-05,0.253052,12.1905,,,,
84,171,8.22729e-05,0.257304,12.2693,,,,
85,171,8.18712e-05,0.26085,15.9992,0.888644,0.790301,0.694779,0.791241
86,171,8.1466e-05,0.262694,12.2983,,,,
87,171,8.10574e-05,0.253741,12.2552,,,,
88,171,8.06454e-05,0.257789,12.253,,,,
89,171,8.023e-05,0.259859,12.3382,,,,
90,171,7.98112e-05,0.259318,16.0751,0.882671,0.784809,0.725641,0.797707
91,171,7.93893e-05,0.257639,12.2756,,,,
92,171,7.89641e-05,0.253542,12.1739,,,,
93,171,7.85357e-05,0.256726,12.2387,,,,
94,171,7.81042e-05,0.249866,12.2147,,,,
95,171,7.76696e-05,0.259619,15.9461,0.87943,0.798588,0.729223,0.802414
96,171,7.7232e-05,0.252129,12.2699,,,,
97,171,7.67913e-05,0.256811,12.3075,,,,
98,171,7.63478e-05,0.251874,12.3262,,,,
99,171,7.59014e-05,0.250211,12.2495,,,,
100,171,7.54521e-05,0.25093,15.9634,0.877371,0.800319,0.727543,0.801744
101,171,7.5e-05,0.25327,12.5053,,,,
102,171,7.45452e-05,0.248817,12.2711,,,,
103,171,7.40877e-05,0.249424,12.2214,,,,
104,171,7.36275e-05,0.250278,12.2807,,,,
105,171,7.31648e-05,0.253587,15.9712,0.876686,0.80574,0.728677,0.803701
106,171,7.26995e-05,0.246631,12.2851,,,,
107,171,7.22318e-05,0.253998,12.2517,,,,
108,171,7.17616e-05,0.253364,12.2341,,,,
109,171,7.1289e-05,0.251481,12.1707,,,,
110,171,7.0814e-05,0.245412,16.0068,0.888507,0.803948,0.73415,0.808868
111,171,7.03368e-05,0.248116,12.341,,,,
112,171,6.98574e-05,0.246485,12.3382,,,,
113,171,6.93758e-05,0.247559,12.1897,,,,
114,171,6.8892e-05,0.243254,12.2159,,,,
115,171,6.84062e-05,0.24426,15.997,0.885548,0.810384,0.741922,0.812618
116,171,6.79184e-05,0.240704,12.2871,,,,
117,171,6.74286e-05,0.249789,12.1914,,,,
118,171,6.69369e-05,0.242935,12.1706,,,,
119,171,6.64433e-05,0.242099,12.2079,,,,
120,171,6.5948e-05,0.23909,15.9581,0.885585,0.798521,0.734237,0.806114
121,171,6.54508e-05,0.245706,12.3186,,,,
122,171,6.4952e-05,0.238257,12.2058,,,,
123,171,6.44516e-05,0.242275,12.31,,,,
124,171,6.39496e-05,0.241266,12.226,,,,
125,171,6.3446e-05,0.238739,15.9905,0.884347,0.801787,0.731498,0.805877
126,171,6.2941e-05,0.235628,12.2363,,,,
127,171,6.24345e-05,0.235817,12.2647,,,,
128,171,6.19267e-05,0.237443,12.1946,,,,
129,171,6.14175e-05,0.236074,12.1999,,,,
130,171,6.09072e-05,0.241433,16.0065,0.884146,0.804721,0.731858,0.806908
131,171,6.03956e-05,0.23511,12.3522,,,,
132,171,5.98829e-05,0.234837,12.2149,,,,
133,171,5.93691e-05,0.235713,12.1714,,,,
134,171,5.88542e-05,0.235474,12.2774,,,,
135,171,5.83384e-05,0.240319,15.9542,0.88584,0.795895,0.731393,0.804376
136,171,5.78217e-05,0.239397,12.2826,,,,
137,171,5.73042e-05,0.237718,12.2412,,,,
138,171,5.67858e-05,0.229705,12.1978,,,,
139,171,5.62667e-05,0.235744,12.1493,,,,
140,171,5.57469e-05,0.232427,15.978,0.885539,0.802548,0.739403,0.809163
141,171,5.52264e-05,0.237527,12.4961,,,,
142,171,5.47054e-05,0.238894,12.4028,,,,
143,171,5.41839e-05,0.239407,12.2806,,,,
144,171,5.36619e-05,0.232727,12.2396,,,,
145,171,5.31395e-05,0.239682,16.0506,0.887025,0.809751,0.740352,0.812376
146,171,5.26168e-05,0.236969,12.2764,,,,
147,171,5.20938e-05,0.231225,12.2953,,,,
148,171,5.15705e-05,0.229951,12.2202,,,,
149,171,5.10471e-05,0.229586,12.1488,,,,
150,171,5.05236e-05,0.233164,15.824,0.886255,0.804471,0.707712,0.79948
151,171,5e-05,0.22979,12.2801,,,,
152,171,4.94764e-05,0.23471,12.1704,,,,
153,171,4.89529e-05,0.232227,12.0908,,,,
154,171,4.84295e-05,0.229404,12.0322,,,,
155,171,4.79062e-05,0.229789,15.822,0.888994,0.804448,0.728744,0.807395
156,171,4.73832e-05,0.228551,12.1509,,,,
157,171,4.68605e-05,0.230059,12.0835,,,,
158,171,4.63381e-05,0.228779,12.0405,,,,
159,171,4.58161e-05,0.230188,12.0507,,,,
160,171,4.52946e-05,0.226497,15.8154,0.888377,0.804015,0.739266,0.810553
161,171,4.47736e-05,0.225556,12.0951,,,,
162,171,4.42531e-05,0.226695,12.0327,,,,
163,171,4.37333e-05,0.226696,12.144,,,,
164,171,4.32142e-05,0.225007,12.0659,,,,
165,171,4.26958e-05,0.225747,15.9209,0.881162,0.809199,0.749522,0.813294
166,171,4.21783e-05,0.226209,12.1347,,,,
167,171,4.16616e-05,0.226176,12.0712,,,,
168,171,4.11458e-05,0.231686,12.073,,,,
169,171,4.06309e-05,0.22098,12.0246,,,,
170,171,4.01171e-05,0.226166,15.801,0.887505,0.813383,0.738563,0.81315
171,171,3.96044e-05,0.222892,12.0956,,,,
172,171,3.90928e-05,0.223814,12.1994,,,,
173,171,3.85825e-05,0.222443,12.2643,,,,
174,171,3.80733e-05,0.222133,12.1986,,,,
175,171,3.75655e-05,0.220691,16.043,0.886531,0.806916,0.730089,0.807845
176,171,3.7059e-05,0.222952,12.2054,,,,
177,171,3.6554e-05,0.222466,12.2236,,,,
178,171,3.60504e-05,0.219328,12.243,,,,
179,171,3.55484e-05,0.229492,12.1651,,,,
180,171,3.5048e-05,0.223932,15.9719,0.880037,0.802381,0.736673,0.806364
181,171,3.45492e-05,0.22255,12.2805,,,,
182,171,3.4052e-05,0.219977,12.1961,,,,
183,171,3.35567e-05,0.221106,12.1998,,,,
184,171,3.30631e-05,0.221906,12.2255,,,,
185,171,3.25714e-05,0.221749,16.1955,0.886097,0.809446,0.726485,0.807343
186,171,3.20816e-05,0.216529,12.2623,,,,
187,171,3.15938e-05,0.219769,12.2855,,,,
188,171,3.1108e-05,0.221656,12.2768,,,,
189,171,3.06242e-05,0.217907,12.162,,,,
190,171,3.01426e-05,0.217874,16.0055,0.888439,0.807267,0.738516,0.811407
191,171,2.96632e-05,0.218628,12.3243,,,,
192,171,2.9186e-05,0.21587,12.2156,,,,
193,171,2.8711e-05,0.217502,12.2605,,,,
194,171,2.82384e-05,0.217602,12.2318,,,,
195,171,2.77682e-05,0.216889,16.0508,0.886442,0.807218,0.740786,0.811482
196,171,2.73005e-05,0.216256,12.2515,,,,
197,171,2.68352e-05,0.212268,12.2711,,,,
198,171,2.63725e-05,0.216862,12.2696,,,,
199,171,2.59123e-05,0.219738,12.1951,,,,
200,171,2.54548e-05,0.217687,15.9487,0.88798,0.801685,0.741372,0.810346
201,171,2.5e-05,0.219171,12.4755,,,,
202,171,2.45479e-05,0.215184,12.3007,,,,
203,171,2.40986e-05,0.214237,12.2893,,,,
204,171,2.36522e-05,0.217408,12.2608,,,,
205,171,2.32087e-05,0.215371,16.0152,0.887127,0.802976,0.747882,0.812662
206,171,2.2768e-05,0.218269,12.2472,,,,
207,171,2.23304e-05,0.213763,12.2135,,,,
208,171,2.18958e-05,0.212878,12.2549,,,,
209,171,2.14643e-05,0.213718,12.2459,,,,
210,171,2.10359e-05,0.216105,16.0357,0.888381,0.807585,0.744367,0.813444
211,171,2.06107e-05,0.211719,12.2278,,,,
212,171,2.01888e-05,0.21579,12.187,,,,
213,171,1.977e-05,0.217517,12.2768,,,,
214,171,1.93546e-05,0.213563,12.2896,,,,
215,171,1.89426e-05,0.214602,15.9967,0.889503,0.805468,0.738091,0.811021
216,171,1.8534e-05,0.213427,12.2635,,,,
217,171,1.81288e-05,0.215535,12.2003,,,,
218,171,1.77271e-05,0.211625,12.3225,,,,
219,171,1.7329e-05,0.212395,12.244,,,,
220,171,1.69344e-05,0.210331,15.985,0.888891,0.80276,0.741734,0.811128
221,171,1.65435e-05,0.211976,12.2841,,,,
222,171,1.61562e-05,0.212306,12.2904,,,,
223,171,1.57726e-05,0.211694,12.2158,,,,
224,171,1.53928e-05,0.212924,12.2258,,,,
225,171,1.50168e-05,0.215026,15.9908,0.889768,0.806497,0.736445,0.810903
226,171,1.46447e-05,0.214304,12.4601,,,,
227,171,1.42764e-05,0.212883,12.4644,,,,
228,171,1.3912e-05,0.21626,12.2653,,,,
229,171,1.35516e-05,0.21076,12.3142,,,,
230,171,1.31951e-05,0.211735,16.0447,0.886706,0.805598,0.740631,0.810979
231,171,1.28428e-05,0.212896,12.2904,,,,
232,171,1.24944e-05,0.211321,12.2255,,,,
233,171,1.21502e-05,0.213213,12.2456,,,,
234,171,1.18102e-05,0.21246,12.2513,,,,
235,171,1.14743e-05,0.208744,15.932,0.88885,0.806845,0.741168,0.812287
236,171,1.11427e-05,0.214883,12.3045,,,,
237,171,1.08153e-05,0.213077,12.2157,,,,
238,171,1.04922e-05,0.211302,12.16,,,,
239,171,1.01735e-05,0.213644,12.199,,,,
240,171,9.85913e-06,0.208383,15.9833,0.887456,0.805908,0.742352,0.811905
241,171,9.54915e-06,0.213358,12.2658,,,,
242,171,9.24361e-06,0.210889,12.2135,,,,
243,171,8.94254e-06,0.205632,12.2055,,,,
244,171,8.64597e-06,0.208599,12.2111,,,,
245,171,8.35394e-06,0.208349,15.9828,0.889147,0.804959,0.737065,0.81039
246,171,8.06647e-06,0.211071,12.3518,,,,
247,171,7.7836e-06,0.209012,12.1939,,,,
248,171,7.50537e-06,0.210682,12.1745,,,,
249,171,7.23179e-06,0.209619,12.1843,,,,
250,171,6.9629e-06,0.206782,16.0515,0.88911,0.80688,0.740573,0.812188
251,171,6.69873e-06,0.211159,12.5286,,,,
252,171,6.43931e-06,0.210659,12.2779,,,,
253,171,6.18467e-06,0.205146,12.2584,,,,
254,171,5.93483e-06,0.20769,12.2324,,,,
255,171,5.68982e-06,0.207047,15.9446,0.889724,0.806712,0.742684,0.81304
256,171,5.44967e-06,0.210391,12.3536,,,,
257,171,5.21441e-06,0.208203,12.2482,,,,
258,171,4.98406e-06,0.208489,12.258,,,,
259,171,4.75865e-06,0.210604,12.2279,,,,
260,171,4.53819e-06,0.211646,16.0154,0.889687,0.806635,0.741631,0.812651
261,171,4.32273e-06,0.21059,12.3003,,,,
262,171,4.11227e-06,0.209402,12.2485,,,,
263,171,3.90684e-06,0.207566,12.24,,,,
264,171,3.70647e-06,0.207154,12.303,,,,
265,171,3.51118e-06,0.206681,16.0845,0.888914,0.806246,0.739258,0.811473
266,171,3.32098e-06,0.209723,12.2396,,,,
267,171,3.1359e-06,0.208849,12.2191,,,,
268,171,2.95596e-06,0.207626,12.2022,,,,
269,171,2.78118e-06,0.207624,12.268,,,,
270,171,2.61158e-06,0.205258,16.0034,0.889561,0.806633,0.741154,0.812449
271,171,2.44717e-06,0.209133,12.3682,,,,
272,171,2.28798e-06,0.20594,12.4265,,,,
273,171,2.13403e-06,0.210356,12.3653,,,,
274,171,1.98532e-06,0.212174,12.2124,,,,
275,171,1.84187e-06,0.207114,16.1765,0.889293,0.805888,0.745376,0.813519
276,171,1.70371e-06,0.205987,12.2665,,,,
277,171,1.57084e-06,0.211041,12.2195,,,,
278,171,1.44329e-06,0.207395,12.1864,,,,
279,171,1.32105e-06,0.20492,12.1926,,,,
280,171,1.20416e-06,0.207516,16.0693,0.88885,0.805686,0.741397,0.811978
281,171,1.09262e-06,0.207927,12.7142,,,,
282,171,9.86441e-07,0.205049,12.4867,,,,
283,171,8.85637e-07,0.209774,12.4604,,,,
284,171,7.9022e-07,0.205774,12.4354,,,,
285,171,7.00198e-07,0.206749,16.2704,0.88901,0.806088,0.740854,0.811984
286,171,6.15583e-07,0.205717,12.3997,,,,
287,171,5.36383e-07,0.206821,12.3497,,,,
288,171,4.62608e-07,0.206708,12.3726,,,,
289,171,3.94265e-07,0.206272,12.3176,,,,
290,171,3.31362e-07,0.20548,16.2384,0.88879,0.806027,0.741806,0.812208
291,171,2.73905e-07,0.205125,12.4556,,,,
292,171,2.21902e-07,0.207584,12.4404,,,,
293,171,1.75357e-07,0.205912,12.3609,,,,
294,171,1.34276e-07,0.206967,12.4436,,,,
295,171,9.86636e-08,0.208916,16.1584,0.888905,0.806102,0.741701,0.812236
296,171,6.85233e-08,0.2073,12.5886,,,,
297,171,4.38585e-08,0.203706,12.5852,,,,
298,171,2.4672e-08,0.20732,12.4689,,,,
299,171,1.09658e-08,0.20512,12.7177,,,,
300,171,2.74153e-09,0.208538,16.3232,0.888902,0.806061,0.741633,0.812199
