threshold,linked_groups,linked_cases,largest_group
0.4,23,452,401
0.41,30,445,363
0.42,39,437,340
0.43,47,428,311
0.44,54,418,235
0.45,68,407,113
0.46,82,394,73
0.47,97,385,47
0.48,112,375,43
0.49,117,362,31
0.5,116,347,30
0.51,121,339,11
0.52,127,333,9
0.53,128,328,9
0.54,129,323,9
0.55,129,320,9
0.56,129,319,9
0.57,129,318,9
0.58,128,316,9
0.59,127,311,9
0.6,126,309,9
0.61,127,309,9
0.62,127,309,9
0.63,128,309,9
0.64,128,307,9
0.65,128,307,9
0.66,128,306,9
0.67,128,306,9
0.68,129,306,9
0.69,129,306,9
0.7,128,304,9
0.71,130,304,9
0.72,130,303,9
0.73,130,303,9
0.74,131,303,9
0.75,131,303,9
0.76,131,303,9
0.77,131,303,9
0.78,131,302,9
0.79,131,302,9
0.8,131,301,9
0.81,131,296,9
0.82,130,291,8
0.83,127,284,8
0.84,129,284,8
0.85,129,280,7
0.86,128,276,7
0.87,127,274,7
0.88,128,273,6
0.89,127,269,6
0.9,126,266,6
0.91,126,266,6
0.92,125,263,6
0.93,125,261,6
0.94,125,256,6
0.95,125,253,4
