case_a,case_b,region,dice,monai_dice,hd95,monai_hd95,dice_abs_diff,hd95_abs_diff
BRATS_265,BRATS_474,WT,0.947319,0.947319,3.60555,3.60555,1.2172e-08,3.26356e-08
BRATS_265,BRATS_474,TC,0.925858,0.925858,13.9463,13.9463,1.57651e-08,6.02449e-06
BRATS_265,BRATS_474,ET,0.821572,0.821572,4.3589,4.3589,4.24102e-09,1.72975e-07
BRATS_266,BRATS_475,WT,0.95102,0.95102,4.12311,4.12311,4.18082e-09,9.96472e-08
BRATS_266,BRATS_475,TC,0.94181,0.94181,7,7,3.55981e-10,0
BRATS_266,BRATS_475,ET,0.82976,0.82976,2.44949,2.44949,2.40055e-10,8.91413e-08
BRATS_267,BRATS_476,WT,0.951692,0.951692,2.23607,2.23607,2.49632e-08,3.28304e-08
BRATS_267,BRATS_476,TC,0.935208,0.935208,3.16228,3.16228,9.70131e-09,3.83485e-08
BRATS_267,BRATS_476,ET,0.936125,0.936125,1.41421,1.41421,1.60704e-08,2.42032e-08
BRATS_271,BRATS_477,WT,0.861762,0.861762,44.0908,44.0908,2.12075e-08,1.12771e-06
BRATS_271,BRATS_477,TC,0.948585,0.948585,2,2,1.98809e-08,0
BRATS_271,BRATS_477,ET,0.944387,0.944387,1.41421,1.41421,9.64617e-09,2.42032e-08
BRATS_273,BRATS_478,WT,0.862495,0.862495,13.1909,13.1909,2.29504e-08,3.87289e-07
BRATS_273,BRATS_478,TC,0.872422,0.872422,6.40312,6.40312,8.73877e-09,9.49951e-08
BRATS_273,BRATS_478,ET,0.91338,0.91338,1,1,8.25153e-09,0
BRATS_274,BRATS_479,WT,0.924979,0.924979,3,3,1.39884e-08,0
BRATS_274,BRATS_479,TC,0.953561,0.953561,1.41421,1.41421,2.5985e-08,2.42032e-08
BRATS_274,BRATS_479,ET,0.928578,0.928578,1,1,1.50516e-08,0
BRATS_001,BRATS_041,WT,0.00527231,0.00527231,56.4633,56.4633,9.21838e-11,1.67934e-06
BRATS_001,BRATS_041,TC,0,0,65.9867,65.9867,0,8.98563e-07
BRATS_001,BRATS_041,ET,0,0,47.009,47.009,0,4.51222e-06
BRATS_081,BRATS_121,WT,0,0,87.7325,87.7326,0,3.45259e-06
BRATS_081,BRATS_121,TC,0,0,85.6884,85.6884,0,3.7863e-06
BRATS_081,BRATS_121,ET,0,0,89.7602,89.7602,0,2.47795e-06
BRATS_161,BRATS_201,WT,0.202701,0.202701,46.8273,46.8273,2.99148e-09,3.07291e-06
BRATS_161,BRATS_201,TC,0.0144461,0.0144461,48.485,48.485,3.02881e-10,3.86388e-06
BRATS_161,BRATS_201,ET,0.000150004,0.000150004,59.5735,59.5735,3.12692e-12,1.521e-06
BRATS_241,BRATS_281,WT,0.303589,0.303589,35.0714,35.0714,3.35718e-09,1.89355e-06
BRATS_241,BRATS_281,TC,0.381402,0.381402,31.0483,31.0483,8.44516e-09,1.20269e-08
BRATS_241,BRATS_281,ET,0.357611,0.357611,25.0599,25.0599,5.56208e-09,7.2176e-07
BRATS_321,BRATS_361,WT,0.125486,0.125486,44.2493,44.2493,1.95144e-09,5.01331e-07
BRATS_321,BRATS_361,TC,0,0,70.7905,70.7905,0,7.96829e-07
BRATS_321,BRATS_361,ET,0,0,67.6679,67.6679,0,9.81111e-07
BRATS_401,BRATS_441,WT,0.201623,0.201623,66.4044,66.4044,3.487e-09,6.8331e-07
BRATS_401,BRATS_441,TC,0,0,80.2558,80.2558,0,3.20728e-06
BRATS_401,BRATS_441,ET,0,0,78.4423,78.4423,0,2.08717e-06
