config,change,region,metric,n,n_undefined,mean,std,median,q25,q75,min,max,empty_truth,empty_truth_predicted
unet3d_baseline,baseline,WT,dice,56,0,0.889293,0.0857953,0.916622,0.865438,0.947894,0.566076,0.973506,0,0
unet3d_baseline,baseline,WT,hd95,56,0,9.80661,14.3152,4.6311,2.23607,10.2322,1.41421,62.6083,0,0
unet3d_baseline,baseline,TC,dice,56,0,0.805887,0.168369,0.865598,0.748194,0.920375,0.203502,0.966915,0,0
unet3d_baseline,baseline,TC,hd95,56,0,10.1191,12.9445,5.28812,3,10.5112,1.41421,66.0606,0,0
unet3d_baseline,baseline,ET,dice,55,1,0.745377,0.205674,0.799948,0.651615,0.878575,0,0.958379,1,0
unet3d_baseline,baseline,ET,hd95,55,1,13.0492,50.8521,3,1.73205,5.81799,1,373.129,1,0
ablation_overlap_000,inference.overlap=0.0,WT,dice,56,0,0.889293,0.0857953,0.916622,0.865438,0.947894,0.566076,0.973506,0,0
ablation_overlap_000,inference.overlap=0.0,WT,hd95,56,0,9.80661,14.3152,4.6311,2.23607,10.2322,1.41421,62.6083,0,0
ablation_overlap_000,inference.overlap=0.0,TC,dice,56,0,0.805887,0.168369,0.865598,0.748194,0.920375,0.203502,0.966915,0,0
ablation_overlap_000,inference.overlap=0.0,TC,hd95,56,0,10.1191,12.9445,5.28812,3,10.5112,1.41421,66.0606,0,0
ablation_overlap_000,inference.overlap=0.0,ET,dice,55,1,0.745377,0.205674,0.799948,0.651615,0.878575,0,0.958379,1,0
ablation_overlap_000,inference.overlap=0.0,ET,hd95,55,1,13.0492,50.8521,3,1.73205,5.81799,1,373.129,1,0
ablation_overlap_025,inference.overlap=0.25,WT,dice,56,0,0.889293,0.0857953,0.916622,0.865438,0.947894,0.566076,0.973506,0,0
ablation_overlap_025,inference.overlap=0.25,WT,hd95,56,0,9.80661,14.3152,4.6311,2.23607,10.2322,1.41421,62.6083,0,0
ablation_overlap_025,inference.overlap=0.25,TC,dice,56,0,0.805887,0.168369,0.865598,0.748194,0.920375,0.203502,0.966915,0,0
ablation_overlap_025,inference.overlap=0.25,TC,hd95,56,0,10.1191,12.9445,5.28812,3,10.5112,1.41421,66.0606,0,0
ablation_overlap_025,inference.overlap=0.25,ET,dice,55,1,0.745377,0.205674,0.799948,0.651615,0.878575,0,0.958379,1,0
ablation_overlap_025,inference.overlap=0.25,ET,hd95,55,1,13.0492,50.8521,3,1.73205,5.81799,1,373.129,1,0
ablation_overlap_075,inference.overlap=0.75,WT,dice,56,0,0.889566,0.0856757,0.916899,0.867561,0.947636,0.562078,0.973478,0,0
ablation_overlap_075,inference.overlap=0.75,WT,hd95,56,0,9.761,14.224,4.6365,2.23607,9.8726,1.41421,62.2415,0,0
ablation_overlap_075,inference.overlap=0.75,TC,dice,56,0,0.806381,0.168054,0.864381,0.745529,0.920513,0.200622,0.966915,0,0
ablation_overlap_075,inference.overlap=0.75,TC,hd95,56,0,10.1752,12.8643,5.39812,3,11.1633,1.41421,66.0538,0,0
ablation_overlap_075,inference.overlap=0.75,ET,dice,55,1,0.745605,0.205485,0.798452,0.657147,0.878573,0,0.958379,1,0
ablation_overlap_075,inference.overlap=0.75,ET,hd95,55,1,13.3622,50.8285,3,1.73205,6.04138,1,373.129,1,0
ablation_patch_96,"train.patch_size=(96, 96, 96)",WT,dice,56,0,0.886883,0.0900019,0.912196,0.867567,0.949078,0.572124,0.97576,0,0
ablation_patch_96,"train.patch_size=(96, 96, 96)",WT,hd95,56,0,9.46913,14.6001,4.47074,2.68034,8.57883,1.41421,69.0362,0,0
ablation_patch_96,"train.patch_size=(96, 96, 96)",TC,dice,56,0,0.808295,0.166003,0.867724,0.807393,0.909191,0.273013,0.966121,0,0
ablation_patch_96,"train.patch_size=(96, 96, 96)",TC,hd95,56,0,11.9692,18.4338,5.09902,2.98268,11.5369,1.41421,86.9779,0,0
ablation_patch_96,"train.patch_size=(96, 96, 96)",ET,dice,55,1,0.742569,0.218647,0.806917,0.702414,0.882422,0,0.955434,1,1
ablation_patch_96,"train.patch_size=(96, 96, 96)",ET,hd95,55,1,21.3726,70.7648,2.82843,1.73205,5.41548,1,373.129,1,1
ablation_augment_off,augment.enabled=False,WT,dice,56,0,0.884897,0.0889373,0.912064,0.868261,0.944437,0.576272,0.972517,0,0
ablation_augment_off,augment.enabled=False,WT,hd95,56,0,9.77989,16.1392,4.24264,2.73369,8.15058,1.41421,82.5869,0,0
ablation_augment_off,augment.enabled=False,TC,dice,56,0,0.801545,0.169551,0.854334,0.765446,0.910532,0.31501,0.96768,0,0
ablation_augment_off,augment.enabled=False,TC,hd95,56,0,9.49938,10.8614,5.52101,3.12171,11.2792,1.41421,66.0379,0,0
ablation_augment_off,augment.enabled=False,ET,dice,55,1,0.744475,0.221397,0.80707,0.690386,0.884006,0,0.954986,1,1
ablation_augment_off,augment.enabled=False,ET,hd95,55,1,8.00456,13.5465,2.52528,1.73205,6.01411,1,69.1737,1,1
ablation_loss_dice,train.loss=dice,WT,dice,56,0,0.888903,0.0844388,0.916974,0.875053,0.941555,0.632001,0.972791,0,0
ablation_loss_dice,train.loss=dice,WT,hd95,56,0,8.96743,12.7707,4.6365,2.44949,8.85883,1.41421,64.7688,0,0
ablation_loss_dice,train.loss=dice,TC,dice,56,0,0.823696,0.148901,0.868458,0.809089,0.914777,0.256816,0.965473,0,0
ablation_loss_dice,train.loss=dice,TC,hd95,56,0,9.2899,14.0166,4.78558,3,9.02761,1.41421,87.221,0,0
ablation_loss_dice,train.loss=dice,ET,dice,55,1,0.745663,0.219322,0.820959,0.691308,0.876508,0,0.951759,1,0
ablation_loss_dice,train.loss=dice,ET,hd95,55,1,14.4885,51.8451,2.44949,1.73205,4.19184,1,373.129,1,0
ablation_loss_dice_focal,train.loss=dice_focal,WT,dice,56,0,0.88953,0.082907,0.911125,0.871988,0.946021,0.5867,0.973757,0,0
ablation_loss_dice_focal,train.loss=dice_focal,WT,hd95,56,0,9.25403,14.9559,4.24264,2.23607,7.25586,1.41421,72.9082,0,0
ablation_loss_dice_focal,train.loss=dice_focal,TC,dice,56,0,0.815909,0.152474,0.870624,0.775009,0.919346,0.324223,0.967522,0,0
ablation_loss_dice_focal,train.loss=dice_focal,TC,hd95,56,0,9.53149,11.9671,4.30077,2.95711,10.8738,1,60.5256,0,0
ablation_loss_dice_focal,train.loss=dice_focal,ET,dice,55,1,0.748421,0.218814,0.812385,0.712962,0.878519,0,0.959002,1,1
ablation_loss_dice_focal,train.loss=dice_focal,ET,hd95,55,1,19.3091,70.259,2.44949,1.41421,5.29129,1,373.129,1,1
ablation_seed_43,seed=43,WT,dice,56,0,0.895809,0.0743556,0.915789,0.879559,0.948759,0.660622,0.973913,0,0
ablation_seed_43,seed=43,WT,hd95,56,0,10.2458,16.8532,4.47074,2.23607,9.31828,1.41421,86.6378,0,0
ablation_seed_43,seed=43,TC,dice,56,0,0.820629,0.148342,0.867758,0.766692,0.917795,0.355683,0.971505,0,0
ablation_seed_43,seed=43,TC,hd95,56,0,10.2956,15.1634,5.04951,2.95711,10.7427,1,81.9106,0,0
ablation_seed_43,seed=43,ET,dice,55,1,0.750925,0.212838,0.80988,0.727454,0.884304,0,0.958602,1,1
ablation_seed_43,seed=43,ET,hd95,55,1,7.34896,14.1705,2.44949,1.73205,4.18287,1,67.251,1,1
ablation_attention_unet,model.architecture=attention_unet,WT,dice,56,0,0.899207,0.0839851,0.92203,0.889128,0.952083,0.573015,0.974824,0,0
ablation_attention_unet,model.architecture=attention_unet,WT,hd95,56,0,10.5266,18.161,4.52736,2.17705,8.7665,1.41421,93.3595,0,0
ablation_attention_unet,model.architecture=attention_unet,TC,dice,56,0,0.824081,0.150375,0.874619,0.791312,0.92148,0.265667,0.970378,0,0
ablation_attention_unet,model.architecture=attention_unet,TC,hd95,56,0,8.5183,11.041,5.19258,2.82843,8.57522,1,61.4191,0,0
ablation_attention_unet,model.architecture=attention_unet,ET,dice,55,1,0.75514,0.210448,0.822386,0.706013,0.878517,0,0.959709,1,0
ablation_attention_unet,model.architecture=attention_unet,ET,hd95,55,1,13.1127,50.6782,2.23607,1.41421,5.42741,1,373.129,1,0
